N,Avocado,Mangoes ,Oranges ,Papaya ,,,,,,,,,,
1,,5,5,5,,,,,,,,,,
2,,5,5,5,,,,,,,,,,
3,,5,5,5,,,,,,,,,,
4,,5,5,5,,,,,,,,,,
5,,5,5,5,,,,,,,,,,
6,,5,5,5,,,,,,,,,,
7,,5,5,5,,,,,,,,,,
8,,5,5,5,,,,,,,,,,
9,,5,5,5,,,,,,,,,,
10,,5,5,5,,,,,,,,,,
11,,5,5,5,,,,,,,,,,
12,,5,5,5,,,,,,,,,,
13,,5,5,5,,,,,,,,,,
14,,5,5,5,,,,,,,,,,
15,,5,5,5,,,,,,,,,,
16,,5,5,5,,,,,,,,,,
17,,5,5,5,,,,,,,,,,
18,,5,5,5,,,,,,,,,,
19,,5,5,5,,,,,,,,,,
20,,5,5,5,,,,,,,,,,
21,,5,13,4,,,,,,,,,,
22,,12,4,7,,,,,,,,,,
23,,12,4,7,,,,,,,,,,
24,,2,3,3,,,,,,,,,,
25,,2,4,4,,,,,,,,,,
26,,12,3,4,,,,,,,,,,
27,,10,4,5,,,,,,,,,,
28,,10,3,2,,,,,,,,,,
29,,12,13,2,,,,,,,,,,
30,,4,3,2,,,,,,,,,,
31,,3,8,7,,,,,,,,,,
32,,3,4,5,,,,,,,,,,
33,,3,3,5,,,,,,,,,,
34,,3,3,5,,,,,,,,,,
35,,5,4,5,,,,,,,,,,
36,,3,4,4,,,,,,,,,,
37,,5,13,5,,,,,,,,,,
38,,5,10,5,,,,,,,,,,
39,,8,4,4,,,,,,,,,,
40,,3,13,10,,,,,,,,,,
41,,2,13,5,,,,,,,,,,
42,,5,13,5,,,,,,,,,,
43,,12,12,5,,,,,,,,,,
44,,5,12,5,,,,,,,,,,
45,,10,12,2,,,,,,,,,,
46,,12,4,2,,,,,,,,,,
47,,12,4,0,,,,,,,,,,
48,,12,4,3,,,,,,,,,,
49,,13,6,5,,,,,,,,,,
50,,4,4,5,,,,,,,,,,
51,,5,8,,,,,,,,,,,
52,,14,4,5,,,,,,,,,,
53,,10,10,10,,,,,,,,,,
54,,5,5,10,,,,,,,,,,
55,,5,5,10,,,,,,,,,,
56,,3,13,10,,,,,,,,,,
57,,6,10,10,,,,,,,,,,
58,,5,5,10,,,,,,,,,,
59,,13,4,10,,,,,,,,,,
60,,3,10,10,,,,,,,,,,
61,,5,5,5,,,,,,,,,,
62,,5,5,5,,,,,,,,,,
63,,5,5,5,,,,,,,,,,
64,,5,5,5,,,,,,,,,,
65,,5,10,2,,,,,,,,,,
66,,5,5,2,,,,,,,,,,
67,,5,5,2,,,,,,,,,,
68,,4,5,2,,,,,,,,,,
69,,4,4,5,,,,,,,,,,
70,,10,3,2,,,,,,,,,,
71,,10,5,3,,,,,,,,,,
72,,7,5,2,,,,,,,,,,
73,,10,5,2,,,,,,,,,,
74,,10,20,2,,,,,,,,,,
75,,8,5,2,,,,,,,,,,
76,,8,5,2,,,,,,,,,,
77,,2,5,5,,,,,,,,,,
78,,17,5,5,,,,,,,,,,
79,,5,5,5,,,,,,,,,,
80,,7,5,5,,,,,,,,,,
81,,2,2,,,,,,,,,,,
82,,2,1,,,,,,,,,,,
83,,2,1,,,,,,,,,,,
84,,2,1,,,,,,,,,,,
85,,2,2,,,,,,,,,,,
86,,2,10,,,,,,,,,,,
87,,2,1,,,,,,,,,,,
88,,2,1,,,,,,,,,,,
89,,2,1,,,,,,,,,,,
90,,2,1,,,,,,,,,,,
91,,2,1,,,,,,,,,,,
92,,2,1,,,,,,,,,,,
93,,2,1,,,,,,,,,,,
94,,2,1,,,,,,,,,,,
95,,2,1,,,,,,,,,,,
96,,2,10,,,,,,,,,,,
97,,2,1,,,,,,,,,,,
98,,2,10,,,,,,,,,,,
99,,2,1,,,,,,,,,,,
100,,2,1,,,,,,,,,,,
101,,2,1,,,,,,,,,,,
102,,2,2,,,,,,,,,,,
103,,2,2,,,,,,,,,,,
104,,2,2,,,,,,,,,,,
105,,2,2,,,,,,,,,,,
106,,2,2,,,,,,,,,,,
107,,2,2,,,,,,,,,,,
108,,2,2,,,,,,,,,,,
109,,2,2,,,,,,,,,,,
110,,2,2,,,,,,,,,,,
111,,2,2,,,,,,,,,,,
112,,2,2,,,,,,,,,,,
113,,2,2,,,,,,,,,,,
114,,2,2,,,,,,,,,,,
115,,2,10,,,,,,,,,,,
116,,2,10,,,,,,,,,,,
117,,2,1,,,,,,,,,,,
118,,2,2,,,,,,,,,,,
119,,1,1,,,,,,,,,,,
120,,4,1,,,,,,,,,,,
121,,4,2,,,,,,,,,,,
122,,5,10,,,,,,,,,,,
123,,3,10,,,,,,,,,,,
124,,30,1,,,,,,,,,,,
125,,2,10,,,,,,,,,,,
126,,2,1,,,,,,,,,,,
127,,2,1,,,,,,,,,,,
128,,2,1,,,,,,,,,,,
129,,2,1,,,,,,,,,,,
130,,3,1,,,,,,,,,,,
131,,8,1,,,,,,,,,,,
132,,10,1,,,,,,,,,,,
133,,4,1,,,,,,,,,,,
134,,12,1,,,,,,,,,,,
135,,2,1,,,,,,,,,,,
136,,2,1,,,,,,,,,,,
137,,1,1,,,,,,,,,,,
138,,2,2,2,,,,,,,,,,
139,,2,2,2,,,,,,,,,,
140,,2,2,2,,,,,,,,,,
141,,2,2,2,,,,,,,,,,
142,,2,2,2,,,,,,,,,,
143,,2,2,2,,,,,,,,,,
144,,2,2,2,,,,,,,,,,
145,,2,20,2,,,,,,,,,,
146,,2,2,2,,,,,,,,,,
147,,2,2,2,,,,,,,,,,
148,,2,2,2,,,,,,,,,,
149,,2,2,2,,,,,,,,,,
150,,2,2,2,,,,,,,,,,
151,,2,20,2,,,,,,,,,,
152,,2,2,2,,,,,,,,,,
153,,2,2,2,,,,,,,,,,
154,,2,2,2,,,,,,,,,,
155,,2,2,2,,,,,,,,,,
156,,2,2,2,,,,,,,,,,
157,,20,2,2,,,,,,,,,,
158,,2,2,2,,,,,,,,,,
159,,2,2,2,,,,,,,,,,
160,,2,2,2,,,,,,,,,,
161,,2,2,2,,,,,,,,,,
162,,2,2,2,,,,,,,,,,
163,,2,2,2,,,,,,,,,,
164,,2,2,2,,,,,,,,,,
165,,2,2,2,,,,,,,,,,
166,,2,2,2,,,,,,,,,,
167,,2,2,2,,,,,,,,,,
168,,2,2,2,,,,,,,,,,
169,,2,2,2,,,,,,,,,,
170,,2,2,2,,,,,,,,,,
171,,2,2,2,,,,,,,,,,
172,,2,2,2,,,,,,,,,,
173,,2,2,2,,,,,,,,,,
174,,2,2,2,,,,,,,,,,
175,,2,2,2,,,,,,,,,,
176,,2,2,2,,,,,,,,,,
177,,2,2,2,,,,,,,,,,
178,,30,5,5,,,,,,,,,,
179,,2,2,,,,,,,,,,,
180,,2,2,,,,,,,,,,,
181,,2,2,2,,,,,,,,,,
182,,2,2,,,,,,,,,,,
183,,2,2,2,,,,,,,,,,
184,,30,3,,,,,,,,,,,
185,,2,2,,,,,,,,,,,
186,,2,2,2,,,,,,,,,,
187,,2,2,2,,,,,,,,,,
188,,2,3,3,,,,,,,,,,
189,,2,2,2,,,,,,,,,,
190,,30,2,,,,,,,,,,,
191,,2,2,2,,,,,,,,,,
192,,2,2,2,,,,,,,,,,
193,,2,2,2,,,,,,,,,,
194,,20,2,2,,,,,,,,,,
195,,2,2,2,,,,,,,,,,
196,,20,2,2,,,,,,,,,,
197,,2,2,2,,,,,,,,,,
198,,2,2,20,,,,,,,,,,
199,,2,2,20,,,,,,,,,,
200,,2,2,20,,,,,,,,,,
201,,2,2,2,,,,,,,,,,
202,,2,2,20,,,,,,,,,,
203,,2,2,20,,,,,,,,,,
204,,2,2,20,,,,,,,,,,
205,,2,2,2,,,,,,,,,,
206,,2,2,2,,,,,,,,,,
207,,2,2,2,,,,,,,,,,
208,,2,2,12,,,,,,,,,,
209,,20,2,12,,,,,,,,,,
210,,2,2,12,,,,,,,,,,
211,,2,2,12,,,,,,,,,,
212,,20,2,12,,,,,,,,,,
213,,2,2,12,,,,,,,,,,
214,,2,2,12,,,,,,,,,,
215,,2,2,12,,,,,,,,,,
216,,2,2,12,,,,,,,,,,
217,,2,2,2,,,,,,,,,,
218,,2,2,2,,,,,,,,,,
219,,20,2,2,,,,,,,,,,
220,,2,2,2,,,,,,,,,,
221,,2,2,2,,,,,,,,,,
222,,2,2,2,,,,,,,,,,
223,,20,2,20,,,,,,,,,,
224,,2,2,2,,,,,,,,,,
225,,2,2,2,,,,,,,,,,
226,,20,2,2,,,,,,,,,,
227,,2,2,2,,,,,,,,,,
228,,2,2,2,,,,,,,,,,
229,,2,2,2,,,,,,,,,,
230,,2,2,2,,,,,,,,,,
231,,2,2,20,,,,,,,,,,
232,,2,2,2,,,,,,,,,,
233,,2,2,2,,,,,,,,,,
234,,2,2,2,,,,,,,,,,
235,,20,2,2,,,,,,,,,,
236,,2,2,2,,,,,,,,,,
237,,2,2,2,,,,,,,,,,
238,,2,2,2,,,,,,,,,,
239,,2,2,2,,,,,,,,,,
240,,2,2,2,,,,,,,,,,
241,,2,2,2,,,,,,,,,,
242,,2,2,2,,,,,,,,,,
243,,2,2,2,,,,,,,,,,
244,,2,2,2,,,,,,,,,,
245,,2,2,2,,,,,,,,,,
246,,2,2,2,,,,,,,,,,
247,,2,2,2,,,,,,,,,,
248,,20,2,2,,,,,,,,,,
249,,2,2,2,,,,,,,,,,
250,,2,2,2,,,,,,,,,,
251,,2,2,2,,,,,,,,,,
252,,2,2,2,,,,,,,,,,
253,,,2,2,,,,,,,,,,
254,,,2,2,,,,,,,,,,
255,,,2,2,,,,,,,,,,
256,,20,2,2,,,,,,,,,,
257,,2,2,2,,,,,,,,,,
258,,2,1,2,,,,,,,,,,
259,,1,1,2,,,,,,,,,,
260,,1,8,2,,,,,,,,,,
261,,2,1,1,,,,,,,,,,
262,,1,1,2,,,,,,,,,,
263,,1,2,2,,,,,,,,,,
264,,,1,2,,,,,,,,,,
265,,,2,2,,,,,,,,,,
266,,1,8,2,,,,,,,,,,
267,,,6,2,,,,,,,,,,
268,,1,2,2,,,,,,,,,,
269,,2,2,2,,,,,,,,,,
270,,2,2,2,,,,,,,,,,
271,,10,10,2,,,,,,,,,,
272,,2,2,2,,,,,,,,,,
273,,2,2,2,,,,,,,,,,
274,,2,2,2,,,,,,,,,,
275,,2,2,2,,,,,,,,,,
276,,2,2,2,,,,,,,,,,
277,,2,2,2,,,,,,,,,,
278,,2,2,2,,,,,,,,,,
279,,2,2,2,,,,,,,,,,
280,,2,2,4,,,,,,,,,,
281,,2,2,2,,,,,,,,,,
282,,2,2,2,,,,,,,,,,
283,,2,2,2,,,,,,,,,,
284,,2,2,2,,,,,,,,,,
285,,2,2,2,,,,,,,,,,
286,,2,2,2,,,,,,,,,,
287,,5,5,,,,,,,,,,,
288,,2,2,,,,,,,,,,,
289,,5,15,10,,,,,,,,,,
290,,2,2,2,,,,,,,,,,
291,,2,2,2,,,,,,,,,,
292,,2,2,2,,,,,,,,,,
293,,2,2,2,,,,,,,,,,
294,,2,2,2,,,,,,,,,,
295,,2,2,2,,,,,,,,,,
296,,2,2,2,,,,,,,,,,
297,,2,2,2,,,,,,,,,,
298,,5,15,10,,,,,,,,,,
299,,4,4,2,,,,,,,,,,
300,,2,2,2,,,,,,,,,,
301,,,,2,,,,,,,,,,
302,,2,1,2,,,,,,,,,,
303,,,,2,,,,,,,,,,
304,,2,2,2,,,,,,,,,,
305,,,1,2,,,,,,,,,,
306,,2,2,2,,,,,,,,,,
307,,2,2,2,,,,,,,,,,
308,,2,2,2,,,,,,,,,,
309,,2,2,2,,,,,,,,,,
310,,2,2,2,,,,,,,,,,
311,,2,2,2,,,,,,,,,,
312,,2,2,2,,,,,,,,,,
313,,2,2,2,,,,,,,,,,
314,,2,2,2,,,,,,,,,,
315,,2,2,2,,,,,,,,,,
316,,2,2,2,,,,,,,,,,
317,,2,2,2,,,,,,,,,,
318,,2,2,2,,,,,,,,,,
319,,2,2,2,,,,,,,,,,
320,,2,2,2,,,,,,,,,,
321,,3,2,2,,,,,,,,,,
322,,5,5,,,,,,,,,,,
323,,2,2,2,,,,,,,,,,
324,,2,2,2,,,,,,,,,,
325,,2,2,2,,,,,,,,,,
326,,2,2,2,,,,,,,,,,
327,,2,2,2,,,,,,,,,,
328,,2,2,2,,,,,,,,,,
329,,2,2,2,,,,,,,,,,
330,,2,2,2,,,,,,,,,,
331,,2,2,2,,,,,,,,,,
332,,40,2,2,,,,,,,,,,
333,,2,2,2,,,,,,,,,,
334,,2,2,2,,,,,,,,,,
335,,30,2,2,,,,,,,,,,
336,,30,2,2,,,,,,,,,,
337,,5,2,2,,,,,,,,,,
338,,5,2,2,,,,,,,,,,
339,,2,2,2,,,,,,,,,,
340,,2,2,2,,,,,,,,,,
341,,2,2,2,,,,,,,,,,
342,,2,2,2,,,,,,,,,,
343,,3,2,2,,,,,,,,,,
344,,2,2,2,,,,,,,,,,
345,,2,2,2,,,,,,,,,,
346,,4,10,,,,,,,,,,,
347,,1,10,,,,,,,,,,,
348,,2,8,,,,,,,,,,,
349,,1,2,,,,,,,,,,,
350,,3,3,,,,,,,,,,,
351,,3,3,,,,,,,,,,,
352,,3,3,,,,,,,,,,,
353,,1,7,,,,,,,,,,,
354,,1,7,,,,,,,,,,,
355,,1,7,,,,,,,,,,,
356,,1,7,,,,,,,,,,,
357,,1,7,,,,,,,,,,,
358,,1,7,,,,,,,,,,,
359,,1,6,,,,,,,,,,,
360,,2,6,,,,,,,,,,,
361,,5,5,,,,,,,,,,,
362,,3,3,,,,,,,,,,,
363,,3,2,,,,,,,,,,,
364,,3,3,,,,,,,,,,,
365,,4,2,,,,,,,,,,,
366,,8,8,,,,,,,,,,,
367,,1,10,,,,,,,,,,,
368,,2,9,,,,,,,,,,,
369,,2,5,,,,,,,,,,,
370,,2,5,,,,,,,,,,,
371,,2,5,,,,,,,,,,,
372,,1,5,,,,,,,,,,,
373,,1,5,,,,,,,,,,,
374,,10,11,,,,,,,,,,,
375,,10,11,,,,,,,,,,,
376,,10,11,,,,,,,,,,,
377,,10,10,,,,,,,,,,,
378,,10,11,,,,,,,,,,,
379,,8,10,,,,,,,,,,,
380,,9,11,,,,,,,,,,,
381,,9,12,,,,,,,,,,,
382,,3,13,,,,,,,,,,,
383,,5,12,,,,,,,,,,,
384,,6,13,,,,,,,,,,,
385,,7,16,,,,,,,,,,,
386,,6,11,,,,,,,,,,,
387,,6,11,,,,,,,,,,,
388,,9,10,,,,,,,,,,,
389,,11,11,,,,,,,,,,,
390,,11,11,,,,,,,,,,,
391,,10,11,,,,,,,,,,,
392,,11,11,,,,,,,,,,,
393,,10,11,,,,,,,,,,,
394,,9,11,,,,,,,,,,,
395,,5,11,,,,,,,,,,,
396,,5,11,,,,,,,,,,,
397,,5,10,,,,,,,,,,,
398,,3,10,,,,,,,,,,,
399,,4,10,,,,,,,,,,,
400,,3,12,,,,,,,,,,,
401,,4,12,,,,,,,,,,,
402,,4,12,,,,,,,,,,,
403,,4,11,,,,,,,,,,,
404,,4,11,,,,,,,,,,,
405,,10,13,,,,,,,,,,,
406,,11,11,,,,,,,,,,,
407,,11,11,,,,,,,,,,,
408,,11,11,,,,,,,,,,,
409,,1,10,,,,,,,,,,,
410,2,1,1,,,,,,,,,,,
411,2,1,1,,,,,,,,,,,
412,2,1,1,,,,,,,,,,,
413,2,1,1,,,,,,,,,,,
414,2,1,1,,,,,,,,,,,
415,2,1,1,,,,,,,,,,,
416,2,1,1,,,,,,,,,,,
417,2,1,1,,,,,,,,,,,
418,2,1,1,,,,,,,,,,,
419,2,1,1,,,,,,,,,,,
420,2,1,1,,,,,,,,,,,
421,2,1,1,,,,,,,,,,,
422,2,1,1,,,,,,,,,,,
423,2,1,1,,,,,,,,,,,
424,2,1,1,,,,,,,,,,,
425,2,1,1,,,,,,,,,,,
426,2,1,1,,,,,,,,,,,
427,2,1,1,,,,,,,,,,,
428,2,2,,2,,,,,,,,,,
429,2,2,,2,,,,,,,,,,
430,2,2,,2,,,,,,,,,,
431,2,2,,2,,,,,,,,,,
432,2,2,,2,,,,,,,,,,
433,2,2,,2,,,,,,,,,,
434,2,2,,2,,,,,,,,,,
435,0,2,,2,,,,,,,,,,
436,5,7,,5,,,,,,,,,,
437,2,2,,2,,,,,,,,,,
438,2,2,,2,,,,,,,,,,
439,2,2,,2,,,,,,,,,,
440,2,2,,2,,,,,,,,,,
441,2,2,,2,,,,,,,,,,
442,0,0,0,50,,,,,,,,,,
443,0,0,0,,,,,,,,,,,
444,,1,1,3,,,,,,,,,,
445,,1,1,3,,,,,,,,,,
446,,1,1,3,,,,,,,,,,
447,,1,1,3,,,,,,,,,,
448,,1,1,3,,,,,,,,,,
449,,1,1,3,,,,,,,,,,
450,,1,1,3,,,,,,,,,,
451,,1,1,3,,,,,,,,,,
452,,1,1,3,,,,,,,,,,
453,,1,1,3,,,,,,,,,,
454,,1,1,3,,,,,,,,,,
455,,1,1,3,,,,,,,,,,
456,,1,1,3,,,,,,,,,,
457,,1,1,3,,,,,,,,,,
458,,1,1,3,,,,,,,,,,
459,,1,1,3,,,,,,,,,,
460,,1,1,3,,,,,,,,,,
461,,1,1,3,,,,,,,,,,
462,,1,1,3,,,,,,,,,,
463,,1,1,3,,,,,,,,,,
464,,1,1,3,,,,,,,,,,
465,,1,1,3,,,,,,,,,,
466,,1,1,3,,,,,,,,,,
467,,1,1,3,,,,,,,,,,
468,,1,1,3,,,,,,,,,,
469,,1,1,3,,,,,,,,,,
470,,1,1,3,,,,,,,,,,
471,,1,1,3,,,,,,,,,,
472,,1,1,3,,,,,,,,,,
473,,1,1,3,,,,,,,,,,
474,,1,1,3,,,,,,,,,,
475,,1,1,3,,,,,,,,,,
476,,1,1,3,,,,,,,,,,
477,,1,1,3,,,,,,,,,,
478,,1,1,3,,,,,,,,,,
479,,1,1,3,,,,,,,,,,
480,,1,1,3,,,,,,,,,,
481,,1,1,3,,,,,,,,,,
482,,1,6,2,,,,,,,,,,
483,,2,6,2,,,,,,,,,,
484,,1,1,,,,,,,,,,,
485,,1,1,,,,,,,,,,,
486,,1,1,2,,,,,,,,,,
487,,1,6,2,,,,,,,,,,
488,,1,1,2,,,,,,,,,,
489,,1,1,2,,,,,,,,,,
490,,1,1,2,,,,,,,,,,
491,,2,5,,,,,,,,,,,
492,,2,1,2,,,,,,,,,,
493,,2,1,2,,,,,,,,,,
494,,2,5,,,,,,,,,,,
495,,4,6,2,,,,,,,,,,
496,,1,6,2,,,,,,,,,,
497,,2,1,2,,,,,,,,,,
498,,2,5,2,,,,,,,,,,
499,,2,5,,,,,,,,,,,
500,,2,2,2,,,,,,,,,,
501,,3,5,2,,,,,,,,,,
502,,3,,,,,,,,,,,,
503,,2,3,2,,,,,,,,,,
504,,2,3,2,,,,,,,,,,
505,,2,2,2,,,,,,,,,,
506,,3,,0,,,,,,,,,,
507,,4,2,2,,,,,,,,,,
508,,3,5,2,,,,,,,,,,
509,,3,5,,,,,,,,,,,
510,,6,5,2,,,,,,,,,,
511,,4,5,2,,,,,,,,,,
512,,2,5,2,,,,,,,,,,
513,,4,5,2,,,,,,,,,,
514,,4,5,0,,,,,,,,,,
515,,2,5,0,,,,,,,,,,
516,,3,5,0,,,,,,,,,,
517,,2,5,0,,,,,,,,,,
518,,2,5,0,,,,,,,,,,
519,,2,5,0,,,,,,,,,,
520,,2,5,0,,,,,,,,,,
521,,2,5,0,,,,,,,,,,
522,,1,1,2,,,,,,,,,,
523,,1,1,2,,,,,,,,,,
524,,1,1,2,,,,,,,,,,
525,,1,1,2,,,,,,,,,,
526,,1,1,2,,,,,,,,,,
527,,1,1,2,,,,,,,,,,
528,,1,1,2,,,,,,,,,,
529,,1,1,2,,,,,,,,,,
530,,1,1,2,,,,,,,,,,
531,,1,1,2,,,,,,,,,,
532,,1,1,2,,,,,,,,,,
533,,1,1,2,,,,,,,,,,
534,,1,1,2,,,,,,,,,,
535,,1,1,2,,,,,,,,,,
536,,1,1,2,,,,,,,,,,
537,,1,1,2,,,,,,,,,,
538,,2,,,,,,,,,,,,
539,,3,5,2,,,,,,,,,,
540,,2,5,2,,,,,,,,,,
541,,5,5,2,,,,,,,,,,
542,,2,5,3,,,,,,,,,,
543,,2,6,3,,,,,,,,,,
544,,1,6,2,,,,,,,,,,
545,,1,2,2,,,,,,,,,,
546,,1,2,2,,,,,,,,,,
547,,1,2,2,,,,,,,,,,
548,,2,2,2,,,,,,,,,,
549,,2,2,0,,,,,,,,,,
550,,2,3,0,,,,,,,,,,
551,,2,2,0,,,,,,,,,,
552,,2,2,2,,,,,,,,,,
553,,2,5,0,,,,,,,,,,
554,,2,5,3,,,,,,,,,,
555,,2,5,0,,,,,,,,,,
556,,2,5,3,,,,,,,,,,
557,,2,5,2,,,,,,,,,,
558,,2,5,2,,,,,,,,,,
559,,1,4,1,,,,,,,,,,
560,,4,4,1,,,,,,,,,,
561,,0,4,1,,,,,,,,,,
562,,1,4,1,,,,,,,,,,
563,,0,4,1,,,,,,,,,,
564,,0,4,1,,,,,,,,,,
565,,1,4,1,,,,,,,,,,
566,,0,4,1,,,,,,,,,,
567,,0,4,1,,,,,,,,,,
568,,4,3,1,,,,,,,,,,
569,,0,4,1,,,,,,,,,,
570,,4,2,1,,,,,,,,,,
571,,1,4,1,,,,,,,,,,
572,,0,5,1,,,,,,,,,,
573,,0,2,2,,,,,,,,,,
574,,1,5,1,,,,,,,,,,
575,,4,4,1,,,,,,,,,,
576,,0,3,1,,,,,,,,,,
577,,1,5,1,,,,,,,,,,
578,,2,2,2,,,,,,,,,,
579,,4,2,1,,,,,,,,,,
580,,0,2,1,,,,,,,,,,
581,,2,7,1,,,,,,,,,,
582,,1,3,1,,,,,,,,,,
583,,1,4,1,,,,,,,,,,
584,,3,4,1,,,,,,,,,,
585,,4,3,1,,,,,,,,,,
586,,3,4,1,,,,,,,,,,
587,,3,4,1,,,,,,,,,,
588,,2,7,0,,,,,,,,,,
589,,2,2,1,,,,,,,,,,
590,,0,3,1,,,,,,,,,,
591,,1,3,1,,,,,,,,,,
592,,1,5,1,,,,,,,,,,
593,,1,6,1,,,,,,,,,,
594,,1,4,1,,,,,,,,,,
595,,1,4,1,,,,,,,,,,
596,,1,5,1,,,,,,,,,,
597,,0,4,1,,,,,,,,,,
598,,1,3,1,,,,,,,,,,
599,,3,2,2,,,,,,,,,,
600,,4,4,1,,,,,,,,,,
601,,4,4,1,,,,,,,,,,
602,,4,4,1,,,,,,,,,,
603,,4,4,1,,,,,,,,,,
604,,4,4,1,,,,,,,,,,
605,,4,4,1,,,,,,,,,,
606,,1,15,1,,,,,,,,,,
607,,2,3,1,,,,,,,,,,
608,,0,4,6,,,,,,,,,,
609,,0,4,1,,,,,,,,,,
610,,4,2,2,,,,,,,,,,
611,,0,5,2,,,,,,,,,,
612,,2,3,2,,,,,,,,,,
613,,0,3,3,,,,,,,,,,
614,,3,3,3,,,,,,,,,,
615,,0,3,3,,,,,,,,,,
616,,0,3,3,,,,,,,,,,
617,,6,3,3,,,,,,,,,,
618,,3,3,3,,,,,,,,,,
619,,3,4,,,,,,,,,,,
620,,3,4,,,,,,,,,,,
621,,3,4,,,,,,,,,,,
622,,3,4,,,,,,,,,,,
623,,3,3,,,,,,,,,,,
624,,3,3,,,,,,,,,,,
625,,3,3,,,,,,,,,,,
626,,3,3,,,,,,,,,,,
627,,3,3,,,,,,,,,,,
628,,3,3,,,,,,,,,,,
629,,3,3,,,,,,,,,,,
630,,3,3,,,,,,,,,,,
631,,3,3,,,,,,,,,,,
632,,6,6,,,,,,,,,,,
633,,3,3,,,,,,,,,,,
634,,3,3,,,,,,,,,,,
635,,3,3,,,,,,,,,,,
636,,3,3,,,,,,,,,,,
637,,3,3,,,,,,,,,,,
638,,2,2,1,,,,,,,,,,
639,,2,3,2,,,,,,,,,,
640,,2,3,2,,,,,,,,,,
641,,2,3,1,,,,,,,,,,
642,,2,3,2,,,,,,,,,,
643,,2,3,2,,,,,,,,,,
644,,2,3,3,,,,,,,,,,
645,,2,3,1,,,,,,,,,,
646,,2,3,1,,,,,,,,,,
647,,2,3,2,,,,,,,,,,
648,,2,3,2,,,,,,,,,,
649,,2,2,2,,,,,,,,,,
650,,2,2,2,,,,,,,,,,
651,,2,2,2,,,,,,,,,,
652,,2,2,1,,,,,,,,,,
653,,2,2,1,,,,,,,,,,
654,,2,2,2,,,,,,,,,,
655,,2,2,2,,,,,,,,,,
656,,2,2,2,,,,,,,,,,
657,,2,2,2,,,,,,,,,,
658,,2,4,2,,,,,,,,,,
659,,2,4,2,,,,,,,,,,
660,,2,4,2,,,,,,,,,,
661,,2,4,2,,,,,,,,,,
662,,2,4,2,,,,,,,,,,
663,,2,4,2,,,,,,,,,,
664,,2,4,2,,,,,,,,,,
665,,2,4,2,,,,,,,,,,
666,,2,4,2,,,,,,,,,,
667,,2,4,2,,,,,,,,,,
668,,3,3,2,,,,,,,,,,
669,,3,3,2,,,,,,,,,,
670,,3,3,2,,,,,,,,,,
671,,3,3,2,,,,,,,,,,
672,,3,3,2,,,,,,,,,,
673,,3,3,2,,,,,,,,,,
674,,3,3,2,,,,,,,,,,
675,,3,3,2,,,,,,,,,,
676,,3,3,2,,,,,,,,,,
677,,3,3,2,,,,,,,,,,
678,,4,4,1,,,,,,,,,,
679,,4,4,1,,,,,,,,,,
680,,5,4,1,,,,,,,,,,
681,,4,4,0,,,,,,,,,,
682,,4,4,1,,,,,,,,,,
683,,4,4,0,,,,,,,,,,
684,,4,4,0,,,,,,,,,,
685,,5,4,1,,,,,,,,,,
686,,4,4,1,,,,,,,,,,
687,,4,4,1,,,,,,,,,,
688,,4,4,1,,,,,,,,,,
689,,4,4,0,,,,,,,,,,
690,,4,4,1,,,,,,,,,,
691,,4,7,1,,,,,,,,,,
692,,4,2,0,,,,,,,,,,
693,,4,4,1,,,,,,,,,,
694,,4,2,1,,,,,,,,,,
695,,4,3,0,,,,,,,,,,
696,,4,6,0,,,,,,,,,,
697,,4,4,1,,,,,,,,,,
698,,1,4,3,,,,,,,,,,
699,,1,3,2,,,,,,,,,,
700,,1,4,1,,,,,,,,,,
701,,1,3,1,,,,,,,,,,
702,,1,4,1,,,,,,,,,,
703,,1,4,1,,,,,,,,,,
704,,1,4,1,,,,,,,,,,
705,,1,3,1,,,,,,,,,,
706,,1,7,1,,,,,,,,,,
707,,1,4,1,,,,,,,,,,
708,,1,4,1,,,,,,,,,,
709,,1,3,1,,,,,,,,,,
710,,1,4,1,,,,,,,,,,
711,,1,3,1,,,,,,,,,,
712,,0,4,1,,,,,,,,,,
713,,0,5,1,,,,,,,,,,
714,,1,5,1,,,,,,,,,,
715,,1,5,1,,,,,,,,,,
716,,0,4,1,,,,,,,,,,
717,,2,6,1,,,,,,,,,,
718,,2,3,0,,,,,,,,,,
719,,2,4,1,,,,,,,,,,
720,,2,3,1,,,,,,,,,,
721,,1,4,1,,,,,,,,,,
722,,1,3,2,,,,,,,,,,
723,,0,3,4,,,,,,,,,,
724,,1,3,3,,,,,,,,,,
725,,3,3,1,,,,,,,,,,
726,,4,4,1,,,,,,,,,,
727,,3,6,1,,,,,,,,,,
728,,4,5,1,,,,,,,,,,
729,,3,4,3,,,,,,,,,,
730,,4,4,0,,,,,,,,,,
731,,0,5,1,,,,,,,,,,
732,,0,2,2,,,,,,,,,,
733,,4,4,1,,,,,,,,,,
734,,3,3,1,,,,,,,,,,
735,,0,4,1,,,,,,,,,,
736,,4,4,1,,,,,,,,,,
737,,0,2,0,,,,,,,,,,
738,,1,4,2,,,,,,,,,,
739,,2,4,1,,,,,,,,,,
740,,4,4,4,,,,,,,,,,
741,,7,4,3,,,,,,,,,,
742,,3,3,2,,,,,,,,,,
743,,3,4,1,,,,,,,,,,
744,,3,8,3,,,,,,,,,,
745,,2,4,3,,,,,,,,,,
746,,1,5,4,,,,,,,,,,
747,,1,6,2,,,,,,,,,,
748,,0,4,4,,,,,,,,,,
749,,0,8,2,,,,,,,,,,
750,,0,4,3,,,,,,,,,,
751,,0,4,1,,,,,,,,,,
752,,0,4,0,,,,,,,,,,
753,,0,4,3,,,,,,,,,,
754,,0,4,4,,,,,,,,,,
755,,0,4,4,,,,,,,,,,
756,,3,4,4,,,,,,,,,,
757,,,2,,,,,,,,,,,
758,,,2,,,,,,,,,,,
759,,,2,,,,,,,,,,,
760,,,2,,,,,,,,,,,
761,,,2,,,,,,,,,,,
762,,,2,,,,,,,,,,,
763,,,2,,,,,,,,,,,
764,,,2,,,,,,,,,,,
765,,,2,,,,,,,,,,,
766,,,2,,,,,,,,,,,
767,,,2,,,,,,,,,,,
768,,,2,,,,,,,,,,,
769,,,60,,,,,,,,,,,
770,,,2,,,,,,,,,,,
771,,,2,,,,,,,,,,,
772,,,2,,,,,,,,,,,
773,,,2,,,,,,,,,,,
774,,,2,,,,,,,,,,,
775,,,4,,,,,,,,,,,
776,,,2,,,,,,,,,,,
777,,3,3,2,,,,,,,,,,
778,,3,3,2,,,,,,,,,,
779,,3,3,2,,,,,,,,,,
780,,3,3,2,,,,,,,,,,
781,,3,3,2,,,,,,,,,,
782,,3,3,2,,,,,,,,,,
783,,3,3,2,,,,,,,,,,
784,,3,3,2,,,,,,,,,,
785,,3,3,2,,,,,,,,,,
786,,3,4,2,,,,,,,,,,
787,,3,4,2,,,,,,,,,,
788,,3,4,2,,,,,,,,,,
789,,3,4,2,,,,,,,,,,
790,,3,4,2,,,,,,,,,,
791,,3,3,2,,,,,,,,,,
792,,3,3,2,,,,,,,,,,
793,,3,3,2,,,,,,,,,,
794,,3,3,2,,,,,,,,,,
795,,3,3,2,,,,,,,,,,
796,,3,3,2,,,,,,,,,,
797,,,3,2,,,,,,,,,,
798,,,3,2,,,,,,,,,,
799,,,3,2,,,,,,,,,,
800,,,3,2,,,,,,,,,,
801,,,3,2,,,,,,,,,,
802,,,3,2,,,,,,,,,,
803,,,3,2,,,,,,,,,,
804,,,3,2,,,,,,,,,,
805,,,3,2,,,,,,,,,,
806,,,3,2,,,,,,,,,,
807,,,2,2,,,,,,,,,,
808,,,2,2,,,,,,,,,,
809,,,2,2,,,,,,,,,,
810,,,2,2,,,,,,,,,,
811,,,2,2,,,,,,,,,,
812,,,2,2,,,,,,,,,,
813,,,2,2,,,,,,,,,,
814,,,2,2,,,,,,,,,,
815,,,2,2,,,,,,,,,,
816,,,2,2,,,,,,,,,,
817,,3,3,2,,,,,,,,,,
818,,3,3,2,,,,,,,,,,
819,,3,3,1,,,,,,,,,,
820,,3,3,1,,,,,,,,,,
821,,3,3,1,,,,,,,,,,
822,,3,3,1,,,,,,,,,,
823,,3,3,2,,,,,,,,,,
824,,3,4,2,,,,,,,,,,
825,,3,4,2,,,,,,,,,,
826,,3,4,2,,,,,,,,,,
827,,3,4,2,,,,,,,,,,
828,,3,4,2,,,,,,,,,,
829,,3,3,2,,,,,,,,,,
830,,3,3,2,,,,,,,,,,
831,,3,3,2,,,,,,,,,,
832,,3,3,2,,,,,,,,,,
833,,3,3,2,,,,,,,,,,
834,,3,3,2,,,,,,,,,,
835,,3,3,2,,,,,,,,,,
836,,3,3,2,,,,,,,,,,
837,,2,5,6,,,,,,,,,,
838,,2,5,6,,,,,,,,,,
839,,2,5,6,,,,,,,,,,
840,,2,5,6,,,,,,,,,,
841,,20,5,6,,,,,,,,,,
842,,12,5,6,,,,,,,,,,
843,,2,5,6,,,,,,,,,,
844,,22,5,6,,,,,,,,,,
845,,2,5,6,,,,,,,,,,
846,,22,5,6,,,,,,,,,,
847,,25,5,6,,,,,,,,,,
848,,2,5,6,,,,,,,,,,
849,,50,45,50,,,,,,,,,,
850,,2,5,6,,,,,,,,,,
851,,4,5,6,,,,,,,,,,
852,,2,5,6,,,,,,,,,,
853,,2,5,6,,,,,,,,,,
854,,24,5,6,,,,,,,,,,
855,,2,5,6,,,,,,,,,,
856,,20,5,6,,,,,,,,,,
857,,5,5,6,,,,,,,,,,
858,,5,5,6,,,,,,,,,,
859,,5,5,6,,,,,,,,,,
860,,5,5,6,,,,,,,,,,
861,,20,5,6,,,,,,,,,,
862,,15,5,6,,,,,,,,,,
863,,15,5,6,,,,,,,,,,
864,,5,5,6,,,,,,,,,,
865,,8,5,6,,,,,,,,,,
866,,5,5,6,,,,,,,,,,
867,,18,5,6,,,,,,,,,,
868,,5,5,6,,,,,,,,,,
869,,5,5,6,,,,,,,,,,
870,,5,5,6,,,,,,,,,,
871,,5,5,6,,,,,,,,,,
872,,5,5,6,,,,,,,,,,
873,,5,5,6,,,,,,,,,,
874,,5,5,6,,,,,,,,,,
875,,180,50,50,,,,,,,,,,
876,,2,6,6,,,,,,,,,,
877,,20,6,6,,,,,,,,,,
878,,1,6,6,,,,,,,,,,
879,,16,6,6,,,,,,,,,,
880,,20,6,6,,,,,,,,,,
881,,100,100,100,,,,,,,,,,
882,,2,6,6,,,,,,,,,,
883,,12,6,6,,,,,,,,,,
884,,14,6,6,,,,,,,,,,
885,,2,6,6,,,,,,,,,,
886,,13,6,6,,,,,,,,,,
887,,2,6,6,,,,,,,,,,
888,,20,6,6,,,,,,,,,,
889,,2,6,6,,,,,,,,,,
890,,2,6,6,,,,,,,,,,
891,,20,6,6,,,,,,,,,,
892,,2,6,6,,,,,,,,,,
893,,12,6,6,,,,,,,,,,
894,,2,6,6,,,,,,,,,,
895,,25,6,6,,,,,,,,,,
896,,5,6,6,,,,,,,,,,
897,,5,6,6,,,,,,,,,,
898,,5,6,6,,,,,,,,,,
899,,5,6,6,,,,,,,,,,
900,,5,6,6,,,,,,,,,,
901,,30,33,40,,,,,,,,,,
902,,5,6,6,,,,,,,,,,
903,,5,6,6,,,,,,,,,,
904,,5,6,6,,,,,,,,,,
905,,5,6,6,,,,,,,,,,
906,,5,6,6,,,,,,,,,,
907,,5,6,6,,,,,,,,,,
908,,5,6,6,,,,,,,,,,
909,,5,6,6,,,,,,,,,,
910,,5,6,6,,,,,,,,,,
911,,5,6,6,,,,,,,,,,
912,,5,6,6,,,,,,,,,,
913,,5,6,6,,,,,,,,,,
914,,5,6,6,,,,,,,,,,
915,,5,6,6,,,,,,,,,,
916,,3,6,5,,,,,,,,,,
917,,3,6,5,,,,,,,,,,
918,,3,6,5,,,,,,,,,,
919,,3,6,5,,,,,,,,,,
920,,3,6,5,,,,,,,,,,
921,,3,6,5,,,,,,,,,,
922,,3,6,5,,,,,,,,,,
923,,60,50,35,,,,,,,,,,
924,,3,6,5,,,,,,,,,,
925,,3,6,5,,,,,,,,,,
926,,3,6,5,,,,,,,,,,
927,,3,6,5,,,,,,,,,,
928,,10,6,5,,,,,,,,,,
929,,6,6,5,,,,,,,,,,
930,,3,6,5,,,,,,,,,,
931,,1,6,6,,,,,,,,,,
932,,1,6,6,,,,,,,,,,
933,,3,6,8,,,,,,,,,,
934,,3,6,8,,,,,,,,,,
935,,2,6,10,,,,,,,,,,
936,,60,40,40,,,,,,,,,,
937,,13,16,10,,,,,,,,,,
938,,7,2,10,,,,,,,,,,
939,,20,20,20,,,,,,,,,,
940,,100,90,85,,,,,,,,,,
941,,20,15,10,,,,,,,,,,
942,,15,12,10,,,,,,,,,,
943,,13,20,20,,,,,,,,,,
944,,5,10,18,,,,,,,,,,
945,,8,2,10,,,,,,,,,,
946,,15,15,20,,,,,,,,,,
947,,14,20,10,,,,,,,,,,
948,,18,35,18,,,,,,,,,,
949,,6,12,10,,,,,,,,,,
950,,5,1,10,,,,,,,,,,
951,,12,17,20,,,,,,,,,,
952,,10,20,20,,,,,,,,,,
953,,15,15,10,,,,,,,,,,
954,,12,2,10,,,,,,,,,,
955,,2,6,6,,,,,,,,,,
956,,2,6,6,,,,,,,,,,
957,,40,6,50,,,,,,,,,,
958,,2,6,6,,,,,,,,,,
959,,3,6,6,,,,,,,,,,
960,,30,12,20,,,,,,,,,,
961,,3,6,6,,,,,,,,,,
962,5,2,,1,,,,,,,,,,
963,2,2,2,5,,,,,,,,,,
964,2,,2,3,,,,,,,,,,
965,2,,2,3,,,,,,,,,,
966,2,,2,3,,,,,,,,,,
967,2,,2,3,,,,,,,,,,
968,2,,2,3,,,,,,,,,,
969,2,,2,3,,,,,,,,,,
970,2,,2,2,,,,,,,,,,
971,2,,2,2,,,,,,,,,,
972,2,,2,2,,,,,,,,,,
973,2,,2,2,,,,,,,,,,
974,2,,2,2,,,,,,,,,,
975,2,,2,2,,,,,,,,,,
976,2,,2,2,,,,,,,,,,
977,2,,2,2,,,,,,,,,,
978,2,,2,2,,,,,,,,,,
979,2,,2,2,,,,,,,,,,
980,2,,2,2,,,,,,,,,,
981,2,,2,4,,,,,,,,,,
982,1,,1,1,,,,,,,,,,
983,4,,4,,,,,,,,,,,
984,1,,1,3,,,,,,,,,,
985,2,,1,3,,,,,,,,,,
986,1,,1,3,,,,,,,,,,
987,60,,40,100,,,,,,,,,,
988,3,,3,3,,,,,,,,,,
989,2,,1,3,,,,,,,,,,
990,2,,2,3,,,,,,,,,,
991,1,,1,3,,,,,,,,,,
992,1,,2,3,,,,,,,,,,
993,1,,1,3,,,,,,,,,,
994,1,,1,3,,,,,,,,,,
995,1,,2,3,,,,,,,,,,
996,1,,2,3,,,,,,,,,,
997,1,,1,3,,,,,,,,,,
998,1,,1,3,,,,,,,,,,
999,2,,2,3,,,,,,,,,,
1000,2,,2,3,,,,,,,,,,
1001,1,,1,3,,,,,,,,,,
1002,2,,1,2,,,,,,,,,,
1003,1,,1,2,,,,,,,,,,
1004,1,,1,2,,,,,,,,,,
1005,1,,1,2,,,,,,,,,,
1006,2,,1,3,,,,,,,,,,
1007,1,,1,2,,,,,,,,,,
1008,2,,1,2,,,,,,,,,,
1009,1,,1,2,,,,,,,,,,
1010,1,,1,2,,,,,,,,,,
1011,1,,1,2,,,,,,,,,,
1012,1,,2,3,,,,,,,,,,
1013,1,,1,3,,,,,,,,,,
1014,1,,1,3,,,,,,,,,,
1015,1,,2,3,,,,,,,,,,
1016,1,,1,3,,,,,,,,,,
1017,2,,1,3,,,,,,,,,,
1018,1,,1,3,,,,,,,,,,
1019,1,,1,3,,,,,,,,,,
1020,1,,1,5,,,,,,,,,,
1021,1,,1,1,,,,,,,,,,
1022,1,,1,1,,,,,,,,,,
1023,1,,1,1,,,,,,,,,,
1024,1,,1,1,,,,,,,,,,
1025,1,,1,1,,,,,,,,,,
1026,1,,1,1,,,,,,,,,,
1027,2,,2,1,,,,,,,,,,
1028,1,,1,1,,,,,,,,,,
1029,1,,1,1,,,,,,,,,,
1030,1,,1,1,,,,,,,,,,
1031,1,,1,1,,,,,,,,,,
1032,1,,1,1,,,,,,,,,,
1033,1,,1,1,,,,,,,,,,
1034,1,,1,1,,,,,,,,,,
1035,1,,1,1,,,,,,,,,,
1036,1,,1,2,,,,,,,,,,
1037,1,,1,1,,,,,,,,,,
1038,1,,1,1,,,,,,,,,,
1039,1,,1,1,,,,,,,,,,
1040,1,,1,1,,,,,,,,,,
1041,5,,2,4,,,,,,,,,,
1042,5,,2,0,,,,,,,,,,
1043,2,,2,0,,,,,,,,,,
1044,4,,0,0,,,,,,,,,,
1045,6,,0,0,,,,,,,,,,
1046,3,,0,0,,,,,,,,,,
1047,6,,0,0,,,,,,,,,,
1048,2,,0,0,,,,,,,,,,
1049,1,,0,0,,,,,,,,,,
1050,1,,0,0,,,,,,,,,,
1051,50,,50,30,,,,,,,,,,
1052,100,,100,80,,,,,,,,,,
1053,1,,1,1,,,,,,,,,,
1054,10,,10,8,,,,,,,,,,
1055,1,,1,1,,,,,,,,,,
1056,1,,1,1,,,,,,,,,,
1057,1,,1,1,,,,,,,,,,
1058,1,,1,1,,,,,,,,,,
1059,1,,1,1,,,,,,,,,,
1060,1,,1,1,,,,,,,,,,
1061,1,,1,1,,,,,,,,,,
1062,1,,1,1,,,,,,,,,,
1063,1,,1,1,,,,,,,,,,
1064,1,,1,1,,,,,,,,,,
1065,1,,1,1,,,,,,,,,,
1066,1,,1,1,,,,,,,,,,
1067,1,,1,1,,,,,,,,,,
1068,1,,1,1,,,,,,,,,,
1069,1,,1,1,,,,,,,,,,
1070,1,,1,1,,,,,,,,,,
1071,2,,2,3,,,,,,,,,,
1072,2,,2,2,,,,,,,,,,
1073,1,,2,2,,,,,,,,,,
1074,1,,3,2,,,,,,,,,,
1075,1,,2,1,,,,,,,,,,
1076,2,,2,2,,,,,,,,,,
1077,1,,1,2,,,,,,,,,,
1078,1,,1,2,,,,,,,,,,
1079,1,,2,3,,,,,,,,,,
1080,2,,1,2,,,,,,,,,,
1081,2,,2,2,,,,,,,,,,
1082,2,,2,2,,,,,,,,,,
1083,1,,2,2,,,,,,,,,,
1084,2,,2,2,,,,,,,,,,
1085,2,,3,2,,,,,,,,,,
1086,3,,3,2,,,,,,,,,,
1087,3,,3,3,,,,,,,,,,
1088,1,,1,1,,,,,,,,,,
1089,1,,1,1,,,,,,,,,,
1090,1,,1,1,,,,,,,,,,
1091,1,,1,1,,,,,,,,,,
1092,1,,1,1,,,,,,,,,,
1093,1,,1,1,,,,,,,,,,
1094,1,,1,1,,,,,,,,,,
1095,1,,1,1,,,,,,,,,,
1096,1,,1,1,,,,,,,,,,
1097,1,,1,1,,,,,,,,,,
1098,1,,1,1,,,,,,,,,,
1099,1,,1,1,,,,,,,,,,
1100,1,,1,1,,,,,,,,,,
1101,1,,1,1,,,,,,,,,,
1102,1,,1,1,,,,,,,,,,
1103,1,,1,1,,,,,,,,,,
1104,1,,1,1,,,,,,,,,,
1105,2,,2,3,,,,,,,,,,
1106,2,,2,3,,,,,,,,,,
1107,2,,2,3,,,,,,,,,,
1108,3,,2,2,,,,,,,,,,2
1109,3,,2,2,,,,,,,,,,
1110,3,,2,2,,,,,,,,,,
1111,3,,2,2,,,,,,,,,,
1112,3,,2,2,,,,,,,,,,
1113,3,,2,2,,,,,,,,,,
1114,3,,2,2,,,,,,,,,,
1115,3,,2,2,,,,,,,,,,
1116,3,,2,2,,,,,,,,,,
1117,3,,2,2,,,,,,,,,,
1118,3,,2,2,,,,,,,,,,
1119,3,,2,2,,,,,,,,,,
1120,3,,2,2,,,,,,,,,,
1121,3,,2,2,,,,,,,,,,
1122,3,,2,2,,,,,,,,,,
1123,3,,2,2,,,,,,,,,,
1124,3,,2,2,,,,,,,,,,
1125,3,,2,2,,,,,,,,,,
1126,3,,2,2,,,,,,,,,,
1127,3,,2,2,,,,,,,,,,
1128,3,,2,2,,,,,,,,,,
1129,3,,2,2,,,,,,,,,,
1130,20,,28,20,,,,,,,,,,
1131,20,,20,26,,,,,,,,,,
1132,3,,2,2,,,,,,,,,,
1133,3,,2,2,,,,,,,,,,
1134,3,,2,2,,,,,,,,,,
1135,3,,2,2,,,,,,,,,,
1136,3,,2,2,,,,,,,,,,
1137,3,,2,2,,,,,,,,,,
1138,3,,2,2,,,,,,,,,,
1139,3,,2,2,,,,,,,,,,
1140,3,,2,2,,,,,,,,,,
1141,3,,2,2,,,,,,,,,,
1142,5,,5,5,,,,,,,,,,
1143,3,,2,2,,,,,,,,,,
1144,3,,2,2,,,,,,,,,,
1145,3,,2,2,,,,,,,,,,
1146,3,,2,2,,,,,,,,,,
1147,3,,2,2,,,,,,,,,,
1148,3,,2,2,,,,,,,,,,
1149,3,,2,2,,,,,,,,,,
1150,3,,2,2,,,,,,,,,,
1151,3,,2,2,,,,,,,,,,
1152,3,,2,2,,,,,,,,,,
1153,3,,2,2,,,,,,,,,,
1154,3,,2,2,,,,,,,,,,
1155,3,,2,2,,,,,,,,,,
1156,3,,2,2,,,,,,,,,,
1157,3,,2,2,,,,,,,,,,
1158,3,,2,2,,,,,,,,,,
1159,3,,2,2,,,,,,,,,,
1160,3,,2,2,,,,,,,,,,
1161,3,,2,2,,,,,,,,,,
1162,3,,2,2,,,,,,,,,,
1163,3,,2,2,,,,,,,,,,
1164,3,,2,2,,,,,,,,,,
1165,3,,2,2,,,,,,,,,,
1166,3,,2,2,,,,,,,,,,
1167,3,,2,2,,,,,,,,,,
1168,3,,2,2,,,,,,,,,,
1169,3,,2,2,,,,,,,,,,
1170,3,,2,2,,,,,,,,,,
1171,5,,15,579,,,,,,,,,,
1172,33,,34,26,,,,,,,,,,
1173,3,,12,2,,,,,,,,,,